{"stat.useItem.btdc.bust_creeper":1,"stat.useItem.btdc.bust_villager":2,"stat.useItem.minecraft.stone_shovel":17,"stat.pickup.minecraft.acacia_door":1,"stat.flyOneCm":40685,"stat.walkOneCm":61004,"stat.pickup.minecraft.wheat_seeds":4,"stat.jump":42,"stat.pickup.minecraft.jungle_door":2,"stat.playOneMinute":21623,"stat.useItem.btdc.logdeer":2,"stat.sneakTime":823,"stat.useItem.minecraft.jungle_door":2,"stat.crouchOneCm":3119,"stat.useItem.btdc.mailbox_wood":1,"stat.timeSinceDeath":21623,"stat.sprintOneCm":1301,"stat.useItem.btdc.bust_ghast":3,"stat.useItem.minecraft.stone_slab2":703,"stat.useItem.btdc.bust_notch":1}