{
  "minecraft:recipes/redstone/stone_button": {
    "criteria": {
      "has_stone": "2018-09-06 15:31:19 -0500"
    },
    "done": true
  },
  "minecraft:recipes/building_blocks/stonebrick": {
    "criteria": {
      "has_stone": "2018-09-06 15:31:19 -0500"
    },
    "done": true
  },
  "minecraft:recipes/building_blocks/stone_slab": {
    "criteria": {
      "has_stone": "2018-09-06 15:31:19 -0500"
    },
    "done": true
  },
  "minecraft:recipes/redstone/stone_pressure_plate": {
    "criteria": {
      "has_stone": "2018-09-06 15:31:19 -0500"
    },
    "done": true
  },
  "minecraft:adventure/adventuring_time": {
    "criteria": {
      "plains": "2018-09-06 15:29:24 -0500"
    },
    "done": false
  }
}