{
  "minecraft:recipes/decorations/red_banner": {
    "criteria": {
      "has_red_wool": "2018-09-05 12:49:42 -0500"
    },
    "done": true
  },
  "minecraft:recipes/decorations/painting": {
    "criteria": {
      "has_wool": "2018-09-05 12:49:42 -0500"
    },
    "done": true
  },
  "minecraft:recipes/decorations/red_carpet": {
    "criteria": {
      "has_red_wool": "2018-09-05 12:49:42 -0500"
    },
    "done": true
  },
  "minecraft:adventure/adventuring_time": {
    "criteria": {
      "plains": "2018-09-05 12:47:59 -0500"
    },
    "done": false
  },
  "minecraft:recipes/decorations/red_bed": {
    "criteria": {
      "has_red_wool": "2018-09-05 12:49:42 -0500"
    },
    "done": true
  },
  "minecraft:recipes/decorations/armor_stand": {
    "criteria": {
      "has_stone_slab": "2018-09-05 12:48:51 -0500"
    },
    "done": true
  }
}